Id,First Name,Last Name,Email
1,Vishal,palla,vishal@gmail.com
2,Vikas,palla,vikas@gmail.com
3,Ajith,palla,ajith@gmail.com
4,Sai,palla,sai@gmail.com
5,Manikanta,palla,manikanta@gmail.com
6,Susmitha,palla,susmitha@gmail.com
7,Kavya,palla,kavya@gmail.com
8,Geethika,palla,geeethika@gmail.com
9,Chinnari,palla,chinnari@gmail.com
10,Gayathri,palla,gayathri@gmail.com
11,Ramya,Palla,ramya@gmail.com